run_date,indicator,obs_date,value,signal,signal_kind,percentile,stage
2026-10-03,ktb3,2026-09,3.991,0.197,3개월 변화 %p,76.3,주의
2026-10-03,mort,2026-08,4.66,0.34,3개월 변화 %p,90.3,경계
2026-10-03,base,2026-09,3.0,0.5,3개월 변화 %p,97.6,참고
2026-10-03,hloan,2026-07,929846.3,5.213,전년동월비 %,29.7,안정
2026-10-03,jloan,2026-07,162931.5,-2.905,전년동월비 %,9.5,안정
2026-10-03,jeon_fall,2026-08,100.9368,-4.518,전세 하락률 %,43.1,안정
2026-10-03,rev_jeon,2026-08,21.8391,21.839,2년 전보다 전세가 낮은 지역 비율 %,59.7,안정
2026-10-03,unsold,2026-07,68217.0,68217.0,수준(호),65.5,안정
2026-10-03,unsold_metro,2026-07,19459.0,19459.0,수준(호),60.0,안정
2026-10-03,sup_seo_wk,2026-09-28,111.2747,111.275,수준(100=균형),96.6,경계·과열
2026-10-03,sup_nat_wk,2026-09-28,99.5119,99.512,수준(100=균형),79.6,주의·상승
2026-10-03,wk_seo,2026-09-28,102.6217,0.578,4주 변화 %,77.6,주의·상승
2026-10-03,trd_nat,2026-08,37502.0,-0.727,3개월 합 전년동기비 %,45.3,안정
2026-10-03,trd_seo,2026-08,4589.0,-19.435,3개월 합 전년동기비 %,36.3,안정
2026-10-03,diff,2026-08,58.046,58.046,상승 지역 비율 %,43.1,안정
2026-10-03,sale_nat,2026-08,100.8273,3.498,전년동월비 %,64.1,안정
2026-10-03,sale_seo,2026-08,102.331,11.545,전년동월비 %,91.9,경계·과열
2026-10-03,trade_seo,2026-07,101.9,14.494,전년동월비 %,81.3,주의·상승
2026-10-03,jeon_seo,2026-08,102.2451,9.745,전년동월비 %,84.7,주의·상승
2026-10-03,real_trade_seo,2026-07,102.0872,11.388,실질 전년동월비 %,79.1,주의·상승
2026-10-03,real_trade_nat,2026-07,100.9852,2.578,실질 전년동월비 %,66.0,안정
2026-10-03,usd_trade_seo,2026-07,104.8794,6.272,달러 기준 전년동월비 %,59.1,참고
2026-10-03,usd_trade_nat,2026-07,103.7472,-2.133,달러 기준 전년동월비 %,31.1,참고
2026-10-03,g_ofr,2026-09-30,-2.349,-2.349,수준,31.1,안정
2026-10-03,g_ust10,2026-10-01,5.24,0.45,diff,95.6,경계
2026-10-03,g_jgb10,2026-10-01,3.092,0.162,diff,92.8,경계
2026-10-03,g_krw,2026-09-25,1356.51,-2.14,pct,16.4,안정
2026-10-08,unsold,2026-08,69134.0,69134.0,수준(호),67.8,안정
2026-10-08,unsold_metro,2026-08,19136.0,19136.0,수준(호),59.3,안정
2026-10-08,sup_seo_wk,2026-10-05,110.9823,110.982,수준(100=균형),96.0,경계·과열
2026-10-08,sup_nat_wk,2026-10-05,99.5567,99.557,수준(100=균형),79.6,주의·상승
2026-10-08,wk_seo,2026-10-05,102.744,0.501,4주 변화 %,73.3,안정
2026-10-08,g_ofr,2026-10-06,-2.152,-2.152,수준,34.5,안정
2026-10-08,g_ust10,2026-10-06,5.27,0.49,diff,96.4,경계
2026-10-08,g_jgb10,2026-10-07,3.111,0.145,diff,91.5,경계
2026-10-08,g_krw,2026-10-02,1345.75,-0.964,pct,33.2,안정
