,rev_jeon,sale_nat,sale_seo,jeon_nat,jeon_seo,sup_seo_m,trd_nat,trd_seo,diff,trade_nat,trade_seo,mort,ktb3,base,unsold,unsold_metro,hloan,jloan,cpi
2000-01,,,,,,,,,,,,,9.28,4.75,,,,,62.456
2000-02,,,,,,,,,,,,,8.99,5.0,,,,,62.647
2000-03,,,,,,,,,,,,,9.06,5.0,,,,,62.962
2000-04,,,,,,,,,,,,,8.95,5.0,,,,,62.709
2000-05,,,,,,,,,,,,,8.96,5.0,,,,,62.393
2000-06,,,,,,,,,,,,,8.66,5.0,,,,,62.709
2000-07,,,,,,,,,,,,,8.0,5.0,,,,,62.962
2000-08,,,,,,,,,,,,,7.85,5.0,,,,,63.277
2000-09,,,,,,,,,,,,,7.96,5.0,,,,,64.098
2000-10,,,,,,,,,,,,,7.84,5.25,,,,,64.035
2000-11,,,,,,,,,,,,,7.31,5.25,,,,,63.656
2000-12,,,,,,,,,,,,,6.79,5.25,,,,,63.908
2001-01,,,,,,,,,,,,,5.99,5.25,,,,,64.604
2001-02,,,,,,,,,,,,,5.43,5.0,,,,,64.919
2001-03,,,,,,,,,,,,,5.84,5.0,,,,,65.488
2001-04,,,,,,,,,,,,,6.59,5.0,,,,,65.74
2001-05,,,,,,,,,,,,,6.46,5.0,,,,,65.677
2001-06,,,,,,,,,,,,,6.04,5.0,,,,,65.866
2001-07,,,,,,,,,,,,,5.75,4.75,,,,,65.992
2001-08,,,,,,,,,,,,,5.15,4.5,,,,,66.245
2001-09,,,,,,,,,,,,6.26,4.89,4.0,,,,,66.182
2001-10,,,,,,,,,,,,6.79,4.74,4.0,,,,,66.182
2001-11,,,,,,,,,,,,6.03,5.34,4.0,,,,,65.804
2001-12,,,,,,,,,,,,6.15,5.93,4.0,,,,,65.93
2002-01,,,,,,,,,,,,6.0,6.08,4.0,,,,,66.308
2002-02,,,,,,,,,,,,6.49,5.92,4.0,,,,,66.624
2002-03,,,,,,,,,,,,6.54,6.3,4.0,,,,,67.003
2002-04,,,,,,,,,,,,6.69,6.47,4.0,,,,,67.382
2002-05,,,,,,,,,,,,6.79,6.3,4.25,,,,,67.634
2002-06,,,,,,,,,,,,6.85,5.93,4.25,,,,,67.571
2002-07,,,,,,,,,,,,6.86,5.7,4.25,,,,,67.382
2002-08,,,,,,,,,,,,6.73,5.37,4.25,,,,,67.824
2002-09,,,,,,,,,,,,6.7,5.37,4.25,,,,,68.204
2002-10,,,,,,,,,,,,6.78,5.39,4.25,,,,,68.013
2002-11,,,,,,,,,,,,6.79,5.29,4.25,,,,,68.077
2002-12,,,,,,,,,,,,6.79,5.28,4.25,,,,,68.391
2003-01,,,,,,,,,,,,6.69,4.96,4.25,,,,,68.835
2003-02,,,,,,,,,,,,6.56,4.73,4.25,,,,,69.213
2003-03,,,,,,,,,,,,6.6,4.78,4.25,,,,,70.034
2003-04,,,,,,,,,,,,6.49,4.6,4.25,,,,,69.908
2003-05,,,,,,,,,,,,6.3,4.27,4.0,,,,,69.782
2003-06,,,,,,,,,,,,6.15,4.07,4.0,,,,,69.592
2003-07,,,,,,,,,,,,6.07,4.37,3.75,,,,,69.53
2003-08,,,,,,,,,,,,5.81,4.62,3.75,,,,,69.845
2003-09,,,,,,,,,,,,5.74,4.25,3.75,,,,,70.477
2003-10,,,,,,,,,,,,5.75,4.28,3.75,,,,,70.539
2003-11,,57.7104151858901,46.4705419070279,53.0136932663616,47.102954197371,,,,,,,6.04,4.77,3.75,,,,,70.413
2003-12,,57.3815525872936,46.1187447808029,52.4847031174121,46.5802144918674,,,,,,,6.28,4.87,3.75,,,,,70.73
2004-01,,57.2432370048938,45.9811006062405,52.3159672571483,46.388600437749,,,,,,,6.29,4.88,3.75,,,,,71.172
2004-02,,57.4358980928731,46.2552733813384,52.5684476250867,46.634001254226,,,,,,,6.15,4.83,3.75,,,,,71.487
2004-03,,57.6648355935773,46.4970401697842,52.8604878833738,46.8526823254951,,,,,,,5.98,4.58,3.75,,,,,72.181
2004-04,,57.909476038609,46.8016752963819,52.9825206797565,46.8954263292898,,,,,,,6.03,4.54,3.75,,,,,72.181
2004-05,,57.9777032121113,46.893494387185,52.9324738257619,46.7875920424136,,,,,,,6.01,4.39,3.75,,,,,72.119
2004-06,,57.9202236018238,46.801565954359,52.5794585093451,46.333318987203,,,,,,,5.99,4.28,3.75,,,,,72.119
2004-07,,57.8337855257224,46.6656427468559,52.2126301965689,46.0208202233806,,,,,,,5.93,4.19,3.75,,,,,72.561
2004-08,,57.6535603680719,46.3906434509097,51.7289537789304,45.5441374204346,,,,,,,5.8,3.82,3.5,,,,,73.191
2004-09,,57.5547540473246,46.2529483380318,51.4858171096149,45.334058231248,,,,,,,5.63,3.59,3.5,,,,,73.191
2004-10,,57.489639398936,46.0775271159498,51.354870509191,45.1648155937397,,,,,,,5.57,3.54,3.5,,,,,73.191
2004-11,,57.2660312260054,45.8669132695405,51.0088163134409,44.8278147199448,,,,39.097744360902254,,,5.47,3.42,3.25,,,,,72.75
2004-12,,57.0271773068689,45.6792142536063,50.6097224659283,44.4225733261281,,,,43.609022556390975,,,5.41,3.28,3.25,,,,,72.877
2005-01,,56.8869582011628,45.5621249523784,50.361813540715,44.1330929947876,,,,42.22222222222222,,,5.45,3.65,3.25,,,,,73.594
2005-02,,57.1870466471715,46.0252793608113,50.6124380667306,44.2311456865193,,,,44.44444444444444,,,5.53,4.19,3.25,,,,,73.892
2005-03,,57.5179314216885,46.2470596375998,51.007114962843,44.3754584853091,,,,44.44444444444444,,,5.48,4.04,3.25,,,,,74.338
2005-04,,57.9585605023467,46.7602382358803,51.3777168439175,44.5487964993085,,,,48.148148148148145,,,5.32,3.86,3.25,,,,,74.413
2005-05,,58.3985213962684,47.1873366744716,51.5988162805479,44.5925618042341,,,,52.59259259259259,,,5.15,3.71,3.25,,,,,74.338
2005-06,,59.0992833748781,48.0597249735957,51.8562923451012,44.7650591288962,,,,60.0,,,5.13,3.79,3.25,,,,,74.114
2005-07,,59.715757865886,48.9028270980598,52.0373986129407,44.9038430136869,,,,68.88888888888889,,,5.18,4.12,3.25,,,,,74.413
2005-08,,59.9941103354144,49.1639819692388,52.272771570964,45.1853592810081,,,,71.11111111111111,,,5.26,4.33,3.25,,,,,74.636
2005-09,,60.1462880556833,49.264966030982,52.8700820909936,45.9262720642906,,,,73.33333333333333,,,5.36,4.52,3.25,,,,,75.008
2005-10,,60.1613399349633,49.1994058580108,53.3927101425086,46.5581482258748,,,,72.5925925925926,,,5.61,4.81,3.5,,,,,74.859
2005-11,47.368421052631575,60.1988341453366,49.3395823337995,53.6348759220509,46.8511127967682,,,,75.55555555555556,,,5.59,5.1,3.5,,,,,74.561
2005-12,39.097744360902254,60.3344332201704,49.5741016556439,53.7458279746821,46.9983511013888,,,,82.22222222222221,,,5.6,5.06,3.75,,,,,74.785
2006-01,37.03703703703704,60.5889201645411,49.9696271774594,53.9771903962905,47.4024521532465,,12300.0,2496.0,82.96296296296296,45.7,28.8,5.64,5.02,3.75,,,,,75.231
2006-02,34.81481481481482,60.9396558562479,50.4572730810767,54.312596282564,47.8689333541649,,40606.0,7368.0,81.48148148148148,46.1,29.3,5.58,4.87,4.0,,,,,75.381
2006-03,34.074074074074076,61.4393793154232,51.2819453269585,54.8069190065114,48.6032283778125,,64920.0,12843.0,82.96296296296296,46.6,30.0,5.46,4.93,4.0,,,,,75.827
2006-04,32.592592592592595,62.0637526273606,52.3757020695128,55.1599627345512,49.1790564914828,,59826.0,11733.0,81.48148148148148,46.9,30.4,5.42,4.95,4.0,,,,,75.902
2006-05,31.11111111111111,62.7994208009743,53.3872695983901,55.4638852297147,49.4783651540781,,58509.0,11695.0,82.22222222222221,47.2,30.5,5.41,4.78,4.0,,,,,76.05
2006-06,25.925925925925924,63.1510619799099,53.7582656854343,55.5377495027188,49.5824094546463,,50312.0,8198.0,79.25925925925927,47.6,30.4,5.48,4.89,4.25,,,,,75.902
2006-07,24.444444444444443,63.2924920081096,53.9258902806095,55.5645325245079,49.6897416799157,,39439.0,6374.0,77.03703703703704,47.7,30.6,5.79,4.89,4.25,,,,,76.199
2006-08,21.48148148148148,63.4382759817911,54.0897058941847,55.7115001464232,49.880266711401,,40315.0,7053.0,77.03703703703704,48.3,31.0,5.86,4.77,4.5,,,,,76.645
2006-09,20.0,63.7760701970297,54.4935947018564,56.1967941452425,50.491533489889,,70369.0,13228.0,76.29629629629629,49.2,31.6,5.77,4.69,4.5,,,,,76.868
2006-10,17.77777777777778,64.7747371995146,55.6742435336368,56.8996403452271,51.3382608873477,,83520.0,19649.0,77.03703703703704,51.2,33.1,5.69,4.62,4.5,,,,,76.496
2006-11,14.814814814814813,67.2219035125833,58.9574261331904,57.6184908026994,52.205661081113,,117812.0,25382.0,78.51851851851852,53.2,34.5,5.69,4.72,4.5,,,,,76.125
2006-12,10.37037037037037,68.732197790582,61.2028971530488,57.9997802795931,52.5018334182569,,83355.0,15793.0,78.51851851851852,54.0,35.6,5.88,4.82,4.5,,,,,76.348
2007-01,7.4074074074074066,69.6710642671979,62.6218820244345,58.3406314336629,52.8554219542811,,47426.0,6353.0,80.0,54.8,36.1,6.11,4.97,4.5,75616.0,4544.0,,,76.496
2007-02,7.4074074074074066,70.0023538882795,63.0532772959757,58.5929823157705,53.1191666206755,,40276.0,4403.0,80.0,54.7,35.9,6.18,4.91,4.5,73619.0,4263.0,,,77.017
2007-03,7.4074074074074066,70.1817618813052,63.2959365909082,58.8959177610792,53.4751897360571,,45822.0,5597.0,76.29629629629629,55.0,36.2,6.2,4.79,4.5,73162.0,3532.0,,,77.464
2007-04,9.62962962962963,70.3364705024398,63.5330425536235,59.1398416472214,53.7919639236703,,46857.0,5948.0,76.29629629629629,54.9,36.1,6.13,4.94,4.5,73393.0,3392.0,,,77.761
2007-05,8.88888888888889,70.3611255844099,63.5370610897392,59.1252646537343,53.7799334733039,,43712.0,4743.0,77.03703703703704,54.5,35.7,6.17,5.1,4.5,78571.0,3554.0,,,77.836
2007-06,7.4074074074074066,70.4683752486023,63.6966995581591,59.1288260147136,53.785240817056,,40258.0,4476.0,76.29629629629629,54.9,36.3,6.13,5.24,4.5,89924.0,5560.0,,,77.836
2007-07,8.88888888888889,70.6491213941566,63.9722664016747,59.1550354793215,53.8245168918995,,44496.0,5317.0,75.55555555555556,55.3,36.6,6.24,5.35,4.75,90658.0,5520.0,,,78.134
2007-08,8.88888888888889,70.8355244202644,64.2024770787107,59.2162652195009,53.9354306543062,,43867.0,5450.0,75.55555555555556,55.7,36.9,6.38,5.28,5.0,91714.0,5817.0,,,78.208
2007-09,8.88888888888889,71.0648330668254,64.5074256859217,59.3637437394872,54.0122738290646,,35645.0,4613.0,77.77777777777779,56.1,37.0,6.52,5.39,5.0,98235.0,9137.0,,,78.655
2007-10,8.148148148148149,71.3606423957802,64.7895703346415,59.4929982732855,54.0675476203207,,51541.0,6436.0,77.77777777777779,56.3,37.3,6.55,5.42,5.0,100887.0,9880.0,,,78.803
2007-11,8.148148148148149,71.6504043951494,65.2289948492264,59.5463501384501,54.053227800263,,52409.0,6540.0,76.29629629629629,56.3,37.2,6.59,5.54,5.0,101500.0,10842.0,,,78.803
2007-12,8.88888888888889,71.8526916616314,65.4909503713774,59.5898653731144,54.0169341625784,,47483.0,5941.0,65.92592592592592,56.4,37.4,6.85,5.89,5.0,112254.0,14624.0,291082.9,,79.101
2008-01,8.88888888888889,72.1534402562766,65.9731037116388,59.6924852815028,54.1345643949219,,47654.0,5375.0,62.22222222222222,57.0,38.0,7.08,5.44,5.0,123371.0,21724.0,291623.3,,79.472
2008-02,8.148148148148149,72.4314633276684,66.4492376376171,59.8375631308021,54.291562615696,,46292.0,5624.0,60.74074074074074,57.4,38.6,6.72,5.06,5.0,129652.0,23453.0,290639.0,,79.771
2008-03,8.88888888888889,73.0625704633298,67.6350110687086,60.1875401203928,54.6855963113513,,59226.0,8971.0,60.74074074074074,58.4,39.7,6.7,5.15,5.0,131757.0,23078.0,291617.7,,80.515
2008-04,8.88888888888889,74.0833787489519,69.3235700924667,60.6819113044119,55.1233158346242,,72533.0,11791.0,67.4074074074074,59.2,40.5,6.8,4.98,5.0,129859.0,20233.0,294082.5,,80.962
2008-05,8.88888888888889,74.7507611766102,70.3701696500487,60.8743218862821,55.3017651505717,,59673.0,7935.0,69.62962962962963,59.9,41.1,6.79,5.28,5.0,128170.0,19793.0,296070.9,,81.63
2008-06,8.88888888888889,75.5317151461509,71.3791129119109,61.1197360393679,55.4341434023313,,59443.0,7054.0,75.55555555555556,60.4,41.2,6.77,5.7,5.0,147230.0,18922.0,297787.5,,82.151
2008-07,8.88888888888889,76.0299933765033,71.9218105379927,61.2854363795546,55.5790293636441,,55770.0,5503.0,79.25925925925927,60.4,40.8,6.92,5.96,5.0,160595.0,22977.0,300567.5,,82.747
2008-08,8.88888888888889,76.3186618056645,72.0874136258316,61.4245736428566,55.6140852102974,,42389.0,3336.0,79.25925925925927,60.3,40.6,7.16,5.77,5.25,157291.0,22389.0,302169.0,,82.598
2008-09,8.88888888888889,76.6480933354286,72.2521220456372,61.7010211861481,55.7091598473478,,40327.0,2538.0,81.48148148148148,59.9,39.7,7.25,5.81,5.25,157241.0,24918.0,303947.1,,82.673
2008-10,11.11111111111111,76.5911351035443,72.0336850905321,61.8089624875511,55.5677254215909,,42365.0,2385.0,78.51851851851852,58.4,38.2,7.58,5.09,4.25,155720.0,25262.0,305064.7,,82.598
2008-11,19.25925925925926,76.1519592846665,71.3899112924112,61.5347900247044,54.9608460304885,,29897.0,1344.0,74.81481481481481,56.3,35.8,7.42,4.97,4.0,162570.0,25866.0,306854.2,,82.375
2008-12,23.703703703703706,75.4505005911627,70.1541184560772,60.6114862890815,53.4078279429806,,27357.0,1491.0,69.62962962962963,54.2,33.6,6.81,3.97,3.0,165599.0,26928.0,308879.2,,82.375
2009-01,31.11111111111111,74.9367848722901,69.5121026343405,59.8465485805143,52.4780474063228,,25565.0,2570.0,67.4074074074074,54.4,35.0,5.63,3.44,2.5,162693.0,25531.0,309604.6,,82.45
2009-02,34.074074074074076,74.7062237767942,69.3849606984609,59.6534463741336,52.5489098915708,,39209.0,4186.0,67.4074074074074,55.4,36.5,5.38,3.78,2.0,161972.0,25185.0,312117.3,,83.045
2009-03,38.51851851851852,74.532988119039,69.2034078064082,59.7609803052683,52.8787425493835,,50391.0,5361.0,62.96296296296296,55.8,37.0,5.43,3.69,2.0,165641.0,28600.0,314239.2,,83.64
2009-04,38.51851851851852,74.5706654619696,69.4351995169437,59.9120624027088,53.1752811946548,,51822.0,7005.0,59.25925925925925,56.6,38.0,5.3,3.76,2.0,163856.0,29156.0,315504.9,,83.862
2009-05,36.2962962962963,74.6884634612293,69.5797569144998,60.1395711089615,53.4773360736462,,50658.0,7348.0,52.59259259259259,57.5,38.8,5.25,3.83,2.0,151938.0,27344.0,318258.4,,83.862
2009-06,34.81481481481482,74.8342585475704,69.8750351431085,60.308954049591,53.761642563214,,59208.0,8504.0,45.925925925925924,58.1,39.6,5.25,4.09,2.0,145585.0,25624.0,322190.1,,83.788
2009-07,33.33333333333333,75.0891740465262,70.4687593075612,60.6008244730267,54.2363399219356,,60766.0,9182.0,42.96296296296296,58.7,40.4,5.29,4.09,2.0,140186.0,24010.0,326140.4,,84.086
2009-08,32.592592592592595,75.3278726796771,70.8339429169162,60.9472236032221,54.7411323987535,,59510.0,8472.0,38.51851851851852,59.6,41.3,5.45,4.42,2.0,133779.0,23362.0,329474.6,,84.384
2009-09,25.185185185185183,75.9197311703655,71.6375601565262,62.0109180258561,56.2453128419091,,65767.0,9426.0,39.25925925925926,60.1,41.7,5.77,4.4,2.0,126424.0,20962.0,328843.0,,84.459
2009-10,22.962962962962962,76.2156673975079,71.8730845402631,62.5262040201653,56.8359681893502,,63164.0,7809.0,40.74074074074074,60.1,41.5,5.9,4.47,2.0,120437.0,19848.0,331159.4,,84.235
2009-11,17.77777777777778,76.4507461661195,71.8788806782288,62.9891108033387,57.3065823627052,,53286.0,4722.0,45.925925925925924,59.6,40.9,5.87,4.32,2.0,122542.0,22865.0,333097.8,,84.384
2009-12,19.25925925925926,76.5733431124132,71.8776276598349,63.197477886915,57.558805279583,,52912.0,4457.0,62.22222222222222,59.3,40.7,5.9,4.24,2.0,123297.0,25667.0,335906.3,,84.682
2010-01,18.51851851851852,76.6766512230255,71.9352023301827,63.4244719601676,57.8634684276477,,41098.0,3870.0,76.29629629629629,59.8,41.3,5.88,4.29,2.0,119039.0,25826.0,336072.7,,85.351
2010-02,18.51851851851852,76.9486535580635,72.1205086244147,63.9464302853446,58.4183356986953,,48137.0,4719.0,82.96296296296296,59.9,41.3,5.75,4.19,2.0,116438.0,27326.0,337116.9,,85.523
2010-03,17.037037037037038,77.1494032654506,72.1088045479963,64.4368254505016,58.8214775187016,,56708.0,5075.0,88.14814814814815,59.8,40.9,5.47,3.94,2.0,112910.0,26099.0,339197.8,,85.696
2010-04,14.074074074074074,77.2884714681531,72.0360587111202,64.880055806806,59.1099080202186,,51360.0,3695.0,89.62962962962962,59.2,40.1,5.07,3.77,2.0,110409.0,25910.0,341352.9,,86.041
2010-05,13.333333333333334,77.2983589366137,71.7103758180198,65.2390434208775,59.287313684143,,40763.0,2811.0,83.7037037037037,58.8,39.4,4.78,3.7,2.0,110460.0,27647.0,343616.7,,86.128
2010-06,15.555555555555555,77.2477954068065,71.437863548211,65.447246390446,59.3862438114074,,40787.0,2394.0,80.74074074074075,58.6,39.1,4.62,3.75,2.0,110020.0,28268.0,346343.4,,86.041
2010-07,15.555555555555555,77.1086687103623,71.0924432614584,65.6805633774667,59.4507713293138,,38295.0,2437.0,76.29629629629629,58.3,38.5,4.7,3.88,2.25,106464.0,28151.0,348923.3,,86.214
2010-08,14.074074074074074,77.0335494803306,70.764007854387,65.9486897771018,59.5725873793263,,35980.0,2358.0,67.4074074074074,58.3,38.4,4.81,3.73,2.25,103981.0,28152.0,348915.4,,86.647
2010-09,14.074074074074074,77.1175083596205,70.5846994757279,66.4053702713102,59.9702259821737,,37978.0,2455.0,54.81481481481482,58.7,38.6,4.8,3.48,2.25,100325.0,29201.0,350814.9,,87.337
2010-10,14.074074074074074,77.2880887219699,70.45029992917,67.0467888559695,60.644275058841,,51404.0,3691.0,49.629629629629626,59.1,38.6,4.74,3.24,2.25,99033.0,29334.0,353400.6,,87.337
2010-11,9.62962962962963,77.6374106554842,70.3654363405595,67.9400998851796,61.2857959339297,,63145.0,5632.0,48.148148148148145,59.6,39.0,4.65,3.4,2.5,94539.0,29189.0,356505.9,,86.906
2010-12,5.185185185185185,78.0256334941582,70.3967813038018,68.5622874887197,61.7549747868577,,75255.0,7535.0,50.37037037037037,60.3,39.5,4.67,3.25,2.5,88706.0,29412.0,359825.8,,87.251
2011-01,2.9629629629629632,78.458719151693,70.4953035486312,69.2542455727584,62.4270811891549,,53791.0,5868.0,53.333333333333336,61.2,40.0,4.8,3.71,2.75,84923.0,28896.0,361370.6,,88.288
2011-02,1.4814814814814816,79.2079418305051,70.6913545033415,70.6308390757964,63.682766723768,,60619.0,6523.0,55.55555555555556,62.3,40.4,4.86,3.94,2.75,80588.0,27417.0,363460.7,,88.892
2011-03,0.0,80.116857476666,70.7895891198835,72.2475451127733,64.8448294735489,,71577.0,7279.0,59.25925925925925,63.0,40.2,4.89,3.74,3.0,77572.0,27089.0,366083.7,,89.238
2011-04,0.0,81.2871874924254,70.7968116601173,73.7826379414961,65.4481597652394,,65139.0,5460.0,57.77777777777777,63.4,40.0,4.88,3.74,3.0,72232.0,25008.0,369210.2,,89.325
2011-05,0.0,81.5006794032966,70.8211460737547,73.9896545430862,65.3770702367274,,59403.0,4654.0,57.77777777777777,63.6,39.7,4.9,3.66,3.0,71360.0,27033.0,371112.4,,89.497
2011-06,0.0,82.009788695475,70.7381776359752,74.5718648998952,65.6709634586418,,55239.0,4467.0,64.44444444444444,63.8,39.4,4.87,3.65,3.25,72667.0,27225.0,373466.3,,89.67
2011-07,0.0,82.4437560998861,70.6239823281565,75.3087434712017,66.3893570544035,,51297.0,4096.0,70.37037037037037,64.1,39.4,4.9,3.77,3.25,70087.0,26394.0,376063.1,,90.102
2011-08,0.0,82.9610417534978,70.5577598768318,76.3762960090897,67.5166278050238,,51406.0,4931.0,77.03703703703704,64.6,39.5,4.97,3.57,3.25,68593.0,27634.0,378014.7,,90.707
2011-09,0.0,83.4838392033158,70.4718464243263,77.6973490922306,68.9597125896949,,50260.0,4868.0,78.51851851851852,65.1,39.4,5.0,3.45,3.25,68039.0,27283.0,379947.1,,90.62
2011-10,0.0,83.8606399961134,70.3790031683594,78.5507202910542,69.6724385459503,,54975.0,4701.0,79.25925925925927,65.0,39.1,5.01,3.47,3.25,66462.0,27101.0,382936.1,,90.448
2011-11,0.0,84.2796771073009,70.249602763935,79.0702899556994,69.8816113773976,,54679.0,4568.0,80.0,64.7,38.7,5.01,3.39,3.25,67040.0,27269.0,384750.5,,90.534
2011-12,0.0,84.4180108975111,70.1279319980006,79.1101557756229,69.7592389892817,,76918.0,6207.0,76.29629629629629,64.1,38.3,4.95,3.36,3.25,69807.0,27881.0,388415.9,,90.879
2012-01,0.0,84.6569083289204,69.9382290585073,79.4754056444817,69.6722002858218,,18282.0,1536.0,72.5925925925926,64.8,38.4,5.06,3.37,3.25,67786.0,28961.0,387634.7,,91.242
2012-02,0.0,84.665437103628,69.7612288174011,79.5918086125206,69.6820141586765,,38694.0,3512.0,68.14814814814815,64.9,38.3,5.02,3.43,3.25,64850.0,27603.0,388301.6,,91.588
2012-03,0.0,84.683856436451,69.4597722507216,79.7130181446803,69.604535225021,,46636.0,4087.0,63.70370370370371,64.7,38.0,5.0,3.55,3.25,62949.0,26961.0,389347.6,,91.614
2012-04,0.0,84.626820369788,69.0662948167097,79.7728208451574,69.3131881381121,,45079.0,4214.0,62.96296296296296,64.4,37.5,4.94,3.5,3.25,61385.0,26115.0,390543.3,,91.605
2012-05,0.0,84.5084269830458,68.6913076707741,79.8012306041767,68.9976516751174,,45641.0,3785.0,59.25925925925925,64.3,37.3,4.85,3.38,3.25,62325.0,26595.0,391537.5,,91.769
2012-06,0.0,84.2450476837431,68.1493138286564,79.7607030543144,68.7351811515491,,37069.0,3187.0,56.2962962962963,64.0,37.1,4.76,3.29,3.25,62288.0,26929.0,392841.2,,91.639
2012-07,0.0,83.9156492556824,67.6887266137286,79.5788703845438,68.3583209538368,68.41385597,37729.0,2952.0,52.59259259259259,63.5,36.5,4.64,3.01,3.0,67060.0,29392.0,393148.1,,91.432
2012-08,0.0,83.5567242796053,67.0812821510913,79.502631458514,68.1746667343845,70.60164084,31361.0,2398.0,48.148148148148145,63.4,36.2,4.41,2.83,3.0,69511.0,29997.0,393717.8,,91.855
2012-09,0.0,83.2715653918763,66.6339917757799,79.7498226844063,68.5884312037161,69.96353692,26165.0,2227.0,45.18518518518518,63.4,36.0,4.29,2.81,3.0,71552.0,30038.0,393380.9,,92.512
2012-10,0.0,83.0437436175807,66.2200461682702,80.1054227656674,69.1578703541326,68.96080219,45349.0,4239.0,38.51851851851852,63.4,36.0,4.23,2.78,2.75,72739.0,32448.0,393368.7,,92.339
2012-11,0.0,82.8558967180147,65.8865187226614,80.4058070724098,69.6204283635514,72.74384686,50353.0,5069.0,34.074074074074076,63.1,35.8,4.19,2.8,2.75,76319.0,34385.0,392903.8,,92.011
2012-12,0.7407407407407408,82.6235943509259,65.4653921313096,80.6162612899031,69.7758460930471,71.37648131,81229.0,7565.0,29.629629629629626,62.4,35.5,4.16,2.85,2.75,74835.0,32547.0,397812.4,,92.175
2013-01,0.7407407407407408,82.3560368384093,65.0557932255979,80.8401495283954,70.0412927887651,70.19143118,16968.0,1213.0,33.52941176470588,63.2,35.7,4.17,2.75,2.75,75180.0,33784.0,395255.1,,92.728
2013-02,1.4814814814814816,82.1704683216452,64.8038426866303,81.0811708549214,70.4574391298986,71.3764813126709,34089.0,3189.0,31.76470588235294,63.2,35.8,4.06,2.7,2.75,73386.0,33674.0,394072.4,,93.038
2013-03,1.4814814814814816,82.0850554886819,64.7242901820678,81.4558668312163,70.9400889116647,72.992700729927,47375.0,5466.0,31.76470588235294,63.5,36.1,3.97,2.6,2.75,70633.0,32759.0,394484.8,,92.952
2013-04,1.4814814814814816,82.2366018799467,64.813118697605,81.9931552336296,71.1949443782304,81.2098991750688,55442.0,6603.0,31.176470588235293,63.8,36.3,3.86,2.55,2.75,70201.0,33267.0,394136.7,,92.823
2013-05,0.7407407407407408,82.4442846504676,64.9658548809456,82.338031249115,71.3313933482132,83.3180568285976,64538.0,7677.0,30.58823529411765,63.9,36.4,3.77,2.59,2.5,66896.0,32769.0,395960.3,,92.823
2013-06,0.7407407407407408,82.5069420296727,64.8225560010867,82.5999955710761,71.430053523894,80.9349220898258,94647.0,10237.0,31.76470588235294,63.7,36.2,3.73,2.87,2.5,65072.0,32501.0,399763.6,,92.71
2013-07,0.7407407407407408,82.4609843174031,64.4784430574873,82.9477004271217,71.9120238581038,76.3519706691109,25079.0,2201.0,32.94117647058823,64.1,36.1,3.77,2.91,2.5,67672.0,35326.0,399803.1,,92.909
2013-08,3.7037037037037033,82.3509380748657,64.1725390151659,83.4339149256378,72.6848281456,76.1686526122823,30794.0,3179.0,34.11764705882353,64.4,36.3,3.8,2.94,2.5,68119.0,36903.0,400943.6,,93.238
2013-09,5.185185185185185,82.4333363691123,64.2308325444115,84.0329372489664,73.6249846053995,83.134738771769,39801.0,4774.0,37.05882352941177,64.8,36.6,3.82,2.9,2.5,66110.0,34671.0,401572.2,,93.419
2013-10,7.4074074074074066,82.7954228744189,64.5710749369261,84.8588778350221,74.7837275402155,87.0302474793767,65871.0,8537.0,41.76470588235294,65.2,36.8,3.81,2.83,2.5,64433.0,36542.0,403757.6,,93.134
2013-11,7.4074074074074066,83.0405454338098,64.6489757803039,85.4875252808088,75.5325591342873,85.9761686526123,61844.0,7868.0,45.02923976608187,65.2,36.7,3.77,2.936,2.5,63709.0,34203.0,406464.0,,93.116
2013-12,7.4074074074074066,83.2469044749048,64.6289735024765,86.0185282331889,76.071320427427,81.897341888176,67883.0,7758.0,48.53801169590643,65.2,36.6,3.74,2.941,2.5,61091.0,33192.0,410177.2,,93.229
2014-01,8.235294117647058,83.5547681355593,64.8173327960071,86.7699784651388,76.986070968889,83.9077887197851,41973.0,5493.0,60.81871345029239,65.7,36.9,3.75,2.892,2.5,58576.0,32697.0,409978.8,,93.73
2014-02,5.88235294117647,83.8164916943155,65.0385779180625,87.3935446821661,77.6693833034967,86.5935541629364,58819.0,7864.0,73.68421052631578,66.1,37.2,3.71,2.854,2.5,52391.0,29278.0,411749.8,,93.98
2014-03,5.88235294117647,84.1175971444045,65.293687477228,88.0101091785367,78.2610463612985,86.7726051924799,64598.0,9522.0,76.60818713450293,66.5,37.4,3.69,2.874,2.5,48167.0,26082.0,413961.0,,94.153
2014-04,4.705882352941177,84.2186020006589,65.3167378048398,88.2181730526829,78.3817227822547,84.8925693822739,64890.0,8639.0,76.60818713450293,66.5,37.4,3.69,2.875,2.5,45573.0,24292.0,417289.4,,94.214
2014-05,4.705882352941177,84.2535509103228,65.2602252026983,88.3079143145211,78.3696750688553,84.4897045658013,52072.0,6079.0,73.09941520467837,66.5,37.3,3.63,2.838,2.5,49026.0,29046.0,419764.5,,94.369
2014-06,5.294117647058823,84.2895615318829,65.2141265944638,88.4412136378254,78.387987138672,85.5640107430618,49045.0,5259.0,74.85380116959064,66.5,37.2,3.58,2.746,2.5,50257.0,30212.0,423608.4,,94.248
2014-07,6.470588235294119,84.3544032807205,65.1968523222709,88.6484746550361,78.5391021813913,87.7126230975828,52832.0,6235.0,81.87134502923976,66.7,37.3,3.53,2.558,2.5,51287.0,26797.0,427356.9,,94.386
2014-08,5.88235294117647,84.4786914303589,65.2718681171012,88.8861810447522,78.710023965741,88.563115487914,54230.0,6806.0,85.96491228070175,67.1,37.6,3.5,2.54,2.25,44784.0,23214.0,432501.5,,94.551
2014-09,5.294117647058823,84.7898146513389,65.5334116418507,89.3154778927518,79.0633120120133,93.0841539838854,62271.0,9052.0,87.13450292397661,67.6,38.0,3.5,2.405,2.25,39168.0,19942.0,436656.4,,94.49
2014-10,4.705882352941177,85.0941452093009,65.8123817224697,89.7426748794508,79.4922848039836,94.8299015219337,78826.0,11161.0,85.96491228070175,68.0,38.2,3.38,2.239,2.0,40092.0,19719.0,442106.6,,94.205
2014-11,3.508771929824561,85.3207820645235,65.9054920385723,90.1247757736879,79.786373315538,91.3831692032229,64712.0,8630.0,86.54970760233918,68.2,38.1,3.3,2.138,2.0,39703.0,19774.0,447030.3,,94.015
2014-12,3.508771929824561,85.501024935977,65.9147434302547,90.4852589423735,80.0888691974573,90.3983885407341,64682.0,6956.0,87.71929824561403,68.4,38.1,3.33,2.143,2.0,40379.0,19814.0,452031.3,,94.006
2015-01,4.678362573099415,85.6758079779395,66.0061246569379,90.8147995534805,80.4069019251452,91.6815742397138,57418.0,6860.0,86.54970760233918,68.9,38.4,3.34,2.039,2.0,36985.0,18955.0,453264.0,,94.643
2015-02,4.678362573099415,85.9294234849612,66.2097878256815,91.2439077093332,80.9491718584269,94.1413237924866,57885.0,8682.0,85.96491228070175,69.3,38.7,3.24,2.024,2.0,33813.0,16924.0,457004.1,,94.587
2015-03,3.508771929824561,86.2968591600631,66.5518635918039,91.8384392706822,81.6757089708347,96.2880143112701,79312.0,13602.0,85.38011695906432,70.0,39.1,2.97,1.865,1.75,28897.0,14195.0,460982.4,,94.596
2015-04,2.923976608187134,86.8533110729591,67.0547694052433,92.6792980711507,82.6950169239393,98.8819320214669,83483.0,14234.0,88.30409356725146,70.5,39.5,2.81,1.739,1.75,28093.0,14510.0,468824.0,,94.625
2015-05,2.923976608187134,87.2663413880068,67.4552850631543,93.2781117164728,83.4117475293231,98.2781753130591,74385.0,12903.0,87.71929824561403,71.0,39.8,3.06,1.875,1.75,28142.0,14432.0,469218.0,,94.89
2015-06,3.508771929824561,87.726353841357,67.914449015231,93.9270225081428,84.2179621929894,98.9490161001789,72178.0,11762.0,88.30409356725146,71.4,40.1,3.01,1.773,1.5,34068.0,16094.0,457614.5,,94.909
2015-07,3.508771929824561,88.0369648523484,68.2814919921082,94.3567154211183,84.867406029208,99.8881932,74112.0,12414.0,89.47368421052632,72.1,40.6,2.96,1.777,1.5,33177.0,15936.0,458250.0,,95.08
2015-08,3.508771929824561,88.3494405155078,68.6608422014592,94.7608831947078,85.4534207055738,99.6645796064401,62424.0,10799.0,91.22807017543859,72.6,41.0,2.94,1.735,1.5,31698.0,15889.0,464677.1,,95.213
2015-09,2.923976608187134,88.7385415336318,69.1264149982255,95.3180514270021,86.3224747165109,102.638640429338,56434.0,9357.0,91.22807017543859,73.0,41.3,2.92,1.651,1.5,32524.0,14549.0,470243.0,,94.966
2015-10,2.923976608187134,89.134152927184,69.5922222351406,95.8717162802774,87.1298045574276,103.37656529517,70140.0,11852.0,91.22807017543859,73.4,41.6,2.9,1.627,1.5,32221.0,15576.0,477560.6,,94.966
2015-11,2.923976608187134,89.4979762882102,70.041661441047,96.4169756381155,88.05762835207,102.459749552773,64841.0,10334.0,91.22807017543859,73.4,41.7,3.04,1.752,1.5,49724.0,26578.0,482916.4,,94.786
2015-12,4.093567251461988,89.6825346038483,70.3361033858395,96.7770638943244,88.7305296755669,100.961538461538,55874.0,8614.0,89.47368421052632,72.9,41.5,3.12,1.719,1.5,61512.0,30637.0,490826.1,25267.6,95.07
2016-01,5.263157894736842,89.7037888728593,70.3684618674609,96.9478281008969,89.0342659970884,98.5017889087656,39695.0,5549.0,88.30409356725146,72.8,41.5,3.1,1.628,1.5,60606.0,29049.0,492905.1,25819.6,95.232
2016-02,5.263157894736842,89.6919364536102,70.3691171654804,97.1168842307864,89.2404529541673,97.1824686940966,38225.0,5193.0,87.71929824561403,72.9,41.6,2.99,1.474,1.5,55103.0,24971.0,494445.9,26580.0,95.64
2016-03,6.432748538011696,89.6608667486241,70.3651197677907,97.2501075961461,89.3850728516461,95.8855098389982,49179.0,7231.0,86.54970760233918,72.8,41.6,2.97,1.498,1.5,53845.0,23300.0,498294.2,27348.8,95.393
2016-04,5.847953216374268,89.6589392207799,70.4333215788306,97.4319679864747,89.5322541795137,95.3488372093023,54884.0,8629.0,84.7953216374269,72.8,41.7,2.93,1.468,1.5,53816.0,22345.0,503768.8,28175.5,95.573
2016-05,6.432748538011696,89.6783575600753,70.5822212501284,97.5851612453287,89.7221639317352,95.8855098389982,56369.0,10710.0,83.04093567251462,72.8,42.1,2.89,1.455,1.5,55456.0,20887.0,509365.1,29077.3,95.63
2016-06,7.602339181286549,89.7152732879842,70.8215862367881,97.7375159135542,89.9585065638361,97.4060822898032,59252.0,11974.0,80.11695906432749,73.0,42.6,2.77,1.334,1.25,59999.0,23325.0,515249.6,29965.5,95.611
2016-07,7.602339181286549,89.7576949912717,71.066980108482,97.8590774588314,90.2185305290547,98.613595706619,63906.0,14545.0,77.77777777777779,73.5,43.3,2.66,1.218,1.25,63127.0,21393.0,521200.5,30894.0,95.431
2016-08,8.187134502923977,89.8269904171378,71.3430768335678,97.9724515010957,90.3933887841217,101.207513416816,64462.0,12784.0,75.43859649122807,74.0,43.9,2.7,1.238,1.25,62562.0,21356.0,527287.5,32008.0,95.677
2016-09,8.187134502923977,89.9147046188611,71.6241116355588,98.0774528333775,90.5462765877584,103.398058252427,61599.0,11342.0,70.17543859649122,74.6,44.5,2.8,1.312,1.25,60700.0,19021.0,530809.0,33016.4,96.247
2016-10,8.187134502923977,90.1266145708006,72.1181581964438,98.2849192834115,90.7875340218989,105.251544571933,74208.0,13467.0,68.42105263157895,75.1,45.1,2.89,1.361,1.25,57709.0,17707.0,536140.4,34082.8,96.379
2016-11,8.187134502923977,90.3225426470833,72.5243738482134,98.5066450703483,91.091300218345,104.280670785525,68816.0,11528.0,66.08187134502924,75.3,45.2,3.04,1.609,1.25,57582.0,18235.0,542494.0,35141.0,96.237
2016-12,8.187134502923977,90.3665990467471,72.6190303553061,98.6069745765845,91.2329528744884,103.221535745808,58496.0,9654.0,65.49707602339181,75.0,44.9,3.13,1.692,1.25,56413.0,16689.0,545839.6,36018.5,96.342
2017-01,9.35672514619883,90.3740486648847,72.637593566754,98.6453421078736,91.2960081782565,100.110326566637,38086.0,4627.0,69.00584795321637,74.8,44.8,3.16,1.643,1.25,59313.0,18938.0,545880.7,36477.4,97.366
2017-02,9.941520467836257,90.3650009325197,72.6860649443707,98.685563801764,91.3385203296651,100.0,40436.0,4760.0,67.83625730994152,74.9,44.8,3.19,1.665,1.25,61063.0,18014.0,547746.0,37424.9,97.632
2017-03,12.280701754385964,90.3961321463906,72.8066133796852,98.7742096905408,91.4824100130973,101.015004413063,48470.0,6802.0,67.83625730994152,75.1,45.1,3.21,1.709,1.25,61679.0,19166.0,550692.5,38155.8,97.565
2017-04,13.450292397660817,90.4514925941342,73.0071683011254,98.8407287343332,91.6668884452415,98.7864077669903,46811.0,7858.0,67.83625730994152,75.0,45.3,3.21,1.678,1.25,60313.0,17169.0,553204.1,38951.9,97.442
2017-05,14.035087719298245,90.5471470494742,73.3372792798413,98.9078404678338,91.9128200076879,102.608311229001,53387.0,10586.0,68.42105263157895,75.2,46.0,3.26,1.69,1.25,56859.0,15235.0,556528.9,39703.3,97.546
2017-06,16.95906432748538,90.7449782197735,74.0659571328653,98.9921674093534,92.2822924785645,109.805653710247,64444.0,14918.0,68.42105263157895,75.6,46.9,3.22,1.673,1.25,57108.0,14350.0,560141.5,40614.4,97.338
2017-07,18.128654970760234,90.8825768808522,74.4380830048751,99.0299742387472,92.5150354684568,110.998233215548,65605.0,15168.0,69.00584795321637,76.1,48.1,3.28,1.74,1.25,54282.0,12117.0,563446.4,41611.4,97.499
2017-08,19.298245614035086,91.0977407763647,74.8901540968277,99.1067282088495,92.7658348405483,103.662842012357,64300.0,15421.0,70.76023391812866,76.2,48.3,3.28,1.78,1.25,53130.0,9716.0,566589.7,42784.3,98.058
2017-09,22.22222222222222,91.1439020173515,74.8823312658154,99.1603108839771,92.8828265641017,99.3821712268314,54953.0,8652.0,70.17543859649122,76.3,48.4,3.24,1.785,1.25,54420.0,10311.0,570079.2,44313.0,98.172
2017-10,22.807017543859647,91.2081036304304,75.0760896563676,99.2013842256361,93.01108050902,99.9117387466902,40079.0,3942.0,68.42105263157895,76.3,48.9,3.33,2.026,1.25,55707.0,9876.0,572997.6,45602.6,98.077
2017-11,24.561403508771928,91.2681777173017,75.3953630643915,99.2361769560632,93.2311077608646,101.147396293027,48291.0,6679.0,68.42105263157895,76.1,49.2,3.39,2.15,1.5,56647.0,10194.0,575798.6,47011.4,97.347
2017-12,23.976608187134502,91.3446981447475,76.026292216495,99.1721468919317,93.4265401912372,104.071537290715,46292.0,8484.0,69.00584795321637,75.8,49.7,3.42,2.1,1.5,57330.0,10387.0,578312.9,48578.8,97.698
2018-01,24.561403508771928,91.4769911143176,77.0467497188113,99.0733038145638,93.6650638478942,107.039573820396,47525.0,9938.0,68.42105263157895,75.9,50.7,3.47,2.19,1.5,59104.0,9848.0,579043.8,49859.8,98.106
2018-02,26.31578947368421,91.6635275534042,78.1139686729034,98.9008005947143,93.8513885232684,107.610350076104,49366.0,11986.0,67.2514619883041,76.2,51.6,3.46,2.277,1.5,60903.0,9970.0,580343.8,51977.5,98.855
2018-03,27.485380116959064,91.7538968015637,78.7124612569903,98.6853817025275,93.6983359431965,103.767123287671,62050.0,14609.0,66.66666666666666,76.2,52.3,3.45,2.271,1.5,58004.0,8707.0,582425.3,53949.2,98.751
2018-04,30.994152046783626,91.7308651037246,79.006313702659,98.377719160123,93.3683807286726,94.1019786910198,46368.0,6535.0,64.91228070175438,76.3,53.0,3.47,2.192,1.5,59583.0,10361.0,583927.5,55633.6,98.931
2018-05,34.50292397660819,91.5945285551574,79.1828277850687,97.9477972139778,92.986333103939,90.144596651446,41989.0,5697.0,57.89473684210527,76.0,53.2,3.49,2.25,1.5,59836.0,9833.0,585568.5,57190.7,98.979
2018-06,36.84210526315789,91.4538017436752,79.3525810424462,97.5612630177324,92.7629080080923,91.0958904109589,40367.0,4830.0,53.216374269005854,75.9,53.5,3.46,2.175,1.5,62050.0,9508.0,587738.0,58851.6,98.779
2018-07,39.76608187134503,91.3230785307498,79.6225951045285,97.2367590471437,92.8088936453467,93.9878234398782,39353.0,5852.0,49.122807017543856,75.8,54.4,3.44,2.097,1.5,63132.0,8832.0,589513.1,60439.6,98.59
2018-08,42.10526315789473,91.2285067177068,80.2767079911094,96.9387497920278,93.0687436731006,105.365296803653,42894.0,7687.0,42.69005847953216,76.7,56.7,3.36,2.019,1.5,62370.0,8534.0,592252.2,62341.1,99.462
2018-09,46.198830409356724,91.5062329482489,81.7568386296851,96.8132774073844,93.4115608134613,120.547945205479,53754.0,12395.0,42.10526315789473,77.8,59.9,3.29,1.953,1.5,60596.0,7651.0,594937.4,64040.3,100.221
2018-10,50.877192982456144,91.6244775771728,82.2305940821885,96.7278937966834,93.6277220119905,106.887366818874,64559.0,10977.0,42.69005847953216,78.0,60.4,3.31,2.01,1.5,60502.0,6679.0,597212.9,66314.7,100.041
2018-11,53.80116959064327,91.5975632365287,82.2735418823746,96.5957320456285,93.6022121549937,97.869101978691,41663.0,3736.0,40.93567251461988,77.4,59.5,3.28,1.94,1.75,60122.0,6500.0,601257.3,69174.8,99.33
2018-12,55.55555555555556,91.4281413041699,82.134580898142,96.3228328430285,93.4000865022146,92.8843226788432,33584.0,2380.0,42.69005847953216,76.8,58.8,3.19,1.825,1.75,58838.0,6319.0,604649.7,71717.1,98.988
2019-01,59.06432748538012,91.1633249754153,81.7984414138873,96.0103493737965,92.9189898707472,82.156862745098,31305.0,1889.0,42.69005847953216,76.4,58.2,3.12,1.807,1.75,59162.0,8153.0,605419.6,73540.0,98.884
2019-02,64.91228070175438,90.9315626898731,81.4975852107583,95.6882643456454,92.2736137887195,75.5294117647059,28293.0,1624.0,42.69005847953216,76.1,57.7,3.08,1.802,1.75,59614.0,7727.0,606576.5,75869.8,99.311
2019-03,67.2514619883041,90.6480930517497,81.1742947912171,95.3303495026756,91.6935226621121,75.0196078431373,31760.0,1813.0,40.93567251461988,75.6,57.3,3.04,1.789,1.75,62147.0,10529.0,608213.2,77833.9,99.121
2019-04,70.17543859649122,90.278348471643,80.8958950435251,94.9052688521751,91.400964425443,74.1176470588235,35893.0,2469.0,40.35087719298245,75.4,57.3,2.98,1.736,1.75,62041.0,9445.0,610586.6,79874.3,99.481
2019-05,70.17543859649122,89.9849687941749,80.7346618241148,94.6010329787202,91.2693225594312,75.0980392156863,35710.0,3432.0,35.67251461988304,75.2,57.8,2.93,1.679,1.75,62741.0,10218.0,612562.8,81882.1,99.652
2019-06,71.9298245614035,89.7403583198735,80.6608083720481,94.3153928970103,91.2134230881336,78.0392156862745,35221.0,4470.0,33.91812865497076,75.5,59.0,2.74,1.496,1.75,63705.0,11608.0,615111.6,83933.1,99.491
2019-07,74.26900584795322,89.5448510410167,80.7185531235452,94.071346704472,91.2308296019596,88.6274509803922,44391.0,7009.0,33.33333333333333,75.8,60.3,2.64,1.382,1.5,62529.0,10789.0,618493.9,86279.1,99.187
2019-08,77.19298245614034,89.4160529454566,80.8325889058948,93.9430973726193,91.3632041009922,96.4313725490196,45497.0,8586.0,31.57894736842105,76.1,61.1,2.47,1.164,1.5,62385.0,10331.0,622539.1,88839.1,99.425
2019-09,78.3625730994152,89.3701331864131,80.9810547045544,93.9225336508885,91.5159149478714,99.3333333333333,43979.0,7096.0,23.976608187134502,76.4,61.8,2.51,1.287,1.5,60062.0,9666.0,625799.4,91023.0,99.794
2019-10,76.0233918128655,89.4678054539512,81.4661993515994,94.0658767631598,91.8428714829772,107.921568627451,58311.0,8274.0,18.71345029239766,76.8,62.8,2.5,1.357,1.25,56098.0,8003.0,630051.4,93715.0,100.041
2019-11,76.0233918128655,89.6698034004518,82.0298408813043,94.2856687423042,92.2176293339894,110.862745098039,66768.0,10955.0,21.637426900584796,77.5,64.0,2.45,1.492,1.25,53561.0,8315.0,633516.6,96290.0,99.481
2019-12,74.26900584795322,90.1256191040901,83.0453135543302,94.6130593429897,92.7558999167374,123.56862745098,87933.0,14117.0,35.67251461988304,78.3,65.1,2.45,1.39,1.25,47797.0,6202.0,634188.1,98726.7,99.719
2020-01,70.76023391812866,90.4615319717455,83.4163051528192,95.0349421215848,93.4200509932777,118.718320057929,75986.0,10491.0,42.10526315789473,78.8,65.7,2.51,1.373,1.25,43268.0,4901.0,634741.5,100981.5,100.09
2020-02,68.42105263157895,90.8705713795812,83.5145825279463,95.357723323796,93.6482146419908,111.658218682114,87642.0,9522.0,43.27485380116959,79.9,66.7,2.52,1.253,1.25,39456.0,4233.0,635840.3,104636.7,100.16
2020-03,66.08187134502924,91.591946592006,83.6010128108532,95.6527310460656,93.8009628174536,111.006517016655,79615.0,9152.0,47.953216374269005,80.5,67.2,2.48,1.091,0.75,38304.0,4202.0,640263.3,107593.1,99.94
2020-04,63.1578947368421,91.9414608260197,83.5196981151303,95.8298176700858,93.9037328650537,105.141202027516,48972.0,3699.0,50.877192982456144,80.5,66.7,2.58,1.024,0.75,36629.0,3783.0,645106.4,110074.2,99.5
2020-05,58.47953216374269,92.0889063994847,83.3493790624898,95.9698181528421,93.9624407823076,99.0224475018103,57426.0,4328.0,52.63157894736842,81.1,66.9,2.52,0.878,0.5,33894.0,3016.0,647294.6,112088.0,99.44
2020-06,56.72514619883041,92.6185283758499,83.4603571125319,96.367962469246,94.1845265001991,108.979000724113,102482.0,11106.0,54.97076023391813,82.7,69.5,2.49,0.85,0.5,29262.0,2772.0,649313.4,114597.5,99.71
2020-07,54.97076023391813,93.4395544360483,84.3968972731099,96.8609268824202,94.6046404011676,125.271542360608,102628.0,16002.0,63.74269005847953,84.6,73.0,2.45,0.826,0.5,28883.0,3145.0,651190.3,117273.3,99.63
2020-08,50.877192982456144,94.0429249617931,84.8580591376403,97.5218255836529,95.219444933407,124.837074583635,59429.0,6880.0,67.2514619883041,85.7,75.4,2.39,0.829,0.5,28831.0,3166.0,656254.2,120709.5,100.19
2020-09,46.783625730994146,94.5778509163116,85.1082213834973,98.3127912392822,95.7902426978222,119.08037653874,58037.0,4795.0,70.17543859649122,86.4,76.4,2.44,0.908,0.5,28309.0,3806.0,662160.8,124211.4,100.74
2020-10,40.93567251461988,94.9525289118705,85.2051135149017,99.0149754336218,96.2470327828818,108.580738595221,66174.0,4320.0,74.85380116959064,87.6,77.0,2.47,0.91,0.5,26703.0,3607.0,668361.3,127219.4,100.18
2020-11,33.33333333333333,95.6670978574871,85.3051551289974,100.02169553924,97.0018891319392,111.404779145547,89660.0,4725.0,80.11695906432749,89.6,78.5,2.56,0.965,0.5,23620.0,3183.0,674400.5,129494.9,100.09
2020-12,25.146198830409354,96.9479402559828,85.5458780439454,101.541446509258,97.9305570711329,117.306299782766,106027.0,8764.0,83.62573099415205,91.9,80.1,2.59,0.97,0.5,19005.0,2131.0,680375.9,132291.9,100.33
2021-01,22.22222222222222,98.0571410774278,85.8858483720246,102.657905832095,98.6544588995135,121.687183200579,64371.0,5945.0,85.96491228070175,94.2,82.7,2.63,0.975,0.5,17130.0,1861.0,684708.7,134688.1,101.04
2021-02,17.543859649122805,99.3459446961259,86.4595100638182,103.67602352074,99.2430173308149,123.425054308472,60057.0,5435.0,89.47368421052632,95.9,83.8,2.66,0.995,0.5,15786.0,1597.0,691756.9,138106.5,101.58
2021-03,13.450292397660817,100.404532743982,86.8820666049811,104.397497753143,99.6230929864144,115.532223026792,69827.0,4495.0,90.64327485380117,97.3,84.3,2.73,1.133,0.5,15270.0,1520.0,697022.5,140903.7,101.84
2021-04,11.695906432748536,101.422792486318,87.2559346134116,104.958888677078,99.8639905893042,108.979000724113,59232.0,4194.0,91.22807017543859,98.5,84.8,2.73,1.138,0.5,15798.0,1589.0,698630.1,143532.5,101.98
2021-05,10.526315789473683,102.413391805739,87.6748381069493,105.521883535167,100.056520770745,110.86169442433,61666.0,5090.0,92.39766081871345,100.3,86.6,2.69,1.134,0.5,15660.0,1303.0,700420.4,145879.2,102.05
2021-06,8.187134502923977,104.15527017002,88.533318981322,106.588022844645,100.770042342092,121.035481535119,57861.0,4240.0,94.15204678362574,102.6,88.7,2.74,1.302,0.5,16289.0,1666.0,703426.2,148096.2,102.05
2021-07,7.017543859649122,105.412321601795,89.2519142047751,107.512094160902,101.447630721353,124.951941560938,59386.0,4646.0,94.15204678362574,105.1,90.7,2.81,1.419,0.5,15198.0,1381.0,709946.7,150891.4,102.26
2021-08,4.678362573099415,106.829128307805,90.073772935083,108.483649980297,102.180319086301,127.479815455594,61170.0,5054.0,96.49122807017544,107.7,92.4,2.88,1.411,0.75,14864.0,1183.0,716326.9,153728.0,102.75
2021-09,2.3391812865497075,108.100092652084,90.8857599635063,109.32483147384,102.875467833346,125.278738946559,55191.0,3874.0,96.49122807017544,109.7,93.8,3.01,1.515,0.75,13842.0,1413.0,722742.2,156256.3,103.17
2021-10,2.3391812865497075,109.380353420593,91.6363367829385,110.275254322968,103.524499793632,111.803152633602,48796.0,2839.0,98.83040935672514,110.8,94.0,3.26,1.842,0.75,14075.0,1290.0,728201.2,158505.4,103.35
2021-11,3.508771929824561,110.25527083028,92.1825815449559,110.950908301701,104.012164262044,98.6351403306421,41141.0,2305.0,98.83040935672514,110.2,92.6,3.51,1.953,1.0,14094.0,1472.0,732455.5,160246.9,103.87
2021-12,2.923976608187134,110.616778991833,92.4085748753214,111.300897192541,104.275413831374,92.8200692041522,30484.0,1634.0,98.83040935672514,108.8,90.9,3.63,1.8,1.0,17710.0,1509.0,735334.6,162022.4,104.04
2022-01,2.923976608187134,110.700425626215,92.4130369245605,111.371174255657,104.285090213072,88.9850057670127,24465.0,1281.0,99.41520467836257,108.3,90.6,3.85,2.06,1.25,21727.0,1325.0,737494.1,163374.9,104.85
2022-02,2.923976608187134,110.677515172671,92.3373248657369,111.327736803373,104.172117725042,86.8608227604767,26232.0,1404.0,98.24561403508771,108.1,89.7,3.88,2.285,1.25,25254.0,2318.0,738614.0,164781.6,105.42
2022-03,2.923976608187134,110.616270345316,92.272238376365,111.241436553286,104.050275286898,89.0811226451365,32487.0,1236.0,98.24561403508771,108.7,91.1,3.84,2.369,1.25,27974.0,2921.0,739697.1,165971.2,106.1
2022-04,1.7543859649122806,110.611294950764,92.2631746712829,111.203989761038,103.994055643431,90.8112264513649,35679.0,1624.0,96.49122807017544,109.0,91.5,3.9,2.941,1.5,27180.0,2970.0,742131.8,167061.8,106.83
2022-05,1.1695906432748537,110.555380274994,92.2523901402038,111.150910133315,103.96213897368,90.1480199923107,37124.0,2372.0,94.15204678362574,108.0,90.4,3.9,3.019,1.75,27375.0,3563.0,742300.8,168133.9,107.5
2022-06,0.0,110.440216156596,92.1794415070632,111.06338953171,103.915606731538,87.3125720876586,28147.0,2014.0,92.98245614035088,107.4,90.4,4.04,3.477,1.75,27910.0,4456.0,744837.9,169030.4,108.21
2022-07,0.5847953216374269,110.222131514159,91.973072363152,110.882739306324,103.797467213059,84.9577085736255,21836.0,1028.0,91.81286549707602,104.7,86.9,4.16,3.238,2.25,31284.0,4529.0,746172.4,170159.6,108.73
2022-08,0.5847953216374269,109.660476707043,91.5567221810071,110.383410005638,103.534471594906,82.1895424836601,19516.0,907.0,88.30409356725146,102.5,84.3,4.35,3.247,2.5,32722.0,5012.0,748182.6,171078.1,108.63
2022-09,1.1695906432748537,108.801231601374,90.8671593402093,109.524290368911,102.839301015524,78.0757400999615,18028.0,856.0,65.49707602339181,100.2,82.0,4.79,3.903,2.5,41604.0,7813.0,750225.6,171687.6,108.82
2022-10,1.1695906432748537,107.491307348004,89.741337430154,108.029726942645,101.378607022718,73.2602845059592,18570.0,900.0,39.76608187134503,96.9,78.2,4.82,4.235,3.0,47217.0,7612.0,752461.1,171859.5,109.16
2022-11,15.204678362573098,105.323061994614,87.8899926648954,105.477169248016,98.4536087589919,67.2241445597847,18275.0,761.0,20.46783625730994,93.1,73.9,4.74,3.895,3.25,58027.0,10373.0,753739.7,170881.3,109.07
2022-12,42.10526315789473,102.253087887571,85.2890768046571,101.629880063306,93.7297982498173,63.6293733179546,18222.0,1001.0,12.280701754385964,90.5,71.2,4.63,3.63,3.25,68148.0,11076.0,756324.3,170468.7,109.26
2023-01,59.64912280701754,100.086180944927,83.7722440424776,98.2562933479949,89.4594416600946,66.4675130694548,17841.0,1161.0,8.771929824561402,89.8,71.9,4.58,3.46,3.5,75359.0,12257.0,755844.4,168709.6,110.07
2023-02,67.2514619883041,98.4694241275401,82.8661639687985,95.6808998387859,86.4750710708893,66.9809559372666,31337.0,2286.0,7.017543859649122,90.6,73.3,4.56,3.47,3.5,75438.0,12541.0,754817.1,166177.4,110.33
2023-03,75.43859649122807,97.3943185529266,82.2704951769513,94.1173459987595,84.759387564549,70.659073935773,38926.0,3234.0,4.093567251461988,91.5,74.4,4.4,3.461,3.5,72104.0,11034.0,751736.1,163858.0,110.52
2023-04,79.53216374269006,96.7866345973413,81.9522764798232,93.3139207076856,84.1431190866628,75.1400298730396,34965.0,2981.0,3.508771929824561,92.2,75.5,4.24,3.263,3.5,71365.0,11609.0,749500.5,162141.4,110.77
2023-05,81.87134502923976,96.5665151312548,81.9617972009578,92.9544702441301,84.0763839245892,82.7483196415235,40746.0,3711.0,2.3391812865497075,92.7,76.3,4.21,3.33,3.5,68865.0,10799.0,751482.8,161500.1,111.13
2023-06,83.62573099415205,96.5264591267298,82.097663697165,92.8023221515985,84.1773072055866,85.1288274831964,39622.0,4136.0,2.3391812865497075,93.3,77.6,4.26,3.548,3.5,66388.0,10559.0,755624.7,161558.6,111.16
2023-07,84.7953216374269,96.5883521836432,82.3174469950699,92.7931220082505,84.4302991373974,87.3132935026139,36260.0,3804.0,1.7543859649122806,94.0,78.4,4.28,3.638,3.5,63087.0,8834.0,759125.9,161389.6,111.29
2023-08,87.13450292397661,96.8138721063787,82.7140015688618,93.0160387962601,84.9069504917591,89.4697535474234,39277.0,4091.0,2.923976608187134,94.7,79.4,4.31,3.727,3.5,61811.0,7676.0,762739.1,161339.9,112.28
2023-09,87.71929824561403,97.1563287057807,83.1256832107918,93.4599631277845,85.5419409528779,89.7031366691561,37629.0,3845.0,4.678362573099415,95.3,80.2,4.35,3.842,3.5,59806.0,7672.0,766679.9,161492.4,112.85
2023-10,87.71929824561403,97.4198821324796,83.4276340611633,93.9707667503731,86.1420515625269,88.7602688573562,35454.0,2983.0,4.678362573099415,95.2,80.2,4.56,4.031,3.5,58299.0,7327.0,770534.4,161437.2,113.27
2023-11,89.47368421052632,97.4620271177206,83.5385217960005,94.3719809451334,86.8116377442656,85.7916355489171,32821.0,2417.0,5.847953216374268,94.4,79.0,4.48,3.771,3.5,57925.0,6998.0,775585.7,161450.6,112.68
2023-12,90.05847953216374,97.3178541976944,83.4336356139758,94.5702734255754,87.2242732406502,83.0470500373413,26934.0,1790.0,10.526315789473683,93.5,77.9,4.16,3.35,3.5,62489.0,10031.0,779612.0,161561.3,112.73
2024-01,90.05847953216374,97.1223757473318,83.2894620580735,94.6556607781487,87.4869331531766,82.7975753122704,32111.0,2456.0,18.71345029239766,93.6,78.2,3.99,3.266,3.5,63755.0,10160.0,784794.3,161394.6,113.17
2024-02,91.22807017543859,96.9163439203341,83.1729818960404,94.7017743634376,87.6831124771147,83.7986774430566,33333.0,2665.0,25.146198830409354,93.6,78.5,3.96,3.351,3.5,64874.0,11956.0,788624.2,161675.2,113.78
2024-03,91.81286549707602,96.7439897360812,83.1583888266093,94.7841709974711,87.9623149902861,87.169360764144,40233.0,3482.0,37.42690058479532,93.7,78.6,3.94,3.31,3.5,64964.0,11977.0,787987.6,160029.1,113.95
2024-04,91.81286549707602,96.6704075147739,83.2633771269511,94.8947965735824,88.229535438032,90.4757531227039,44119.0,4840.0,46.198830409356724,93.7,79.1,3.93,3.439,3.5,71997.0,14655.0,792429.9,160018.4,114.01
2024-05,92.39766081871345,96.6455905389088,83.4291011690866,95.0797714782811,88.6042533892693,93.8831741366642,43278.0,5182.0,47.953216374269005,93.6,79.7,3.91,3.432,3.5,72129.0,14761.0,798380.1,160754.6,114.1
2024-06,92.98245614035088,96.6829615547568,83.8934322968393,95.2402339570754,89.1557368665222,99.3479059515062,43300.0,6150.0,47.953216374269005,94.0,80.7,3.71,3.262,3.5,74037.0,15051.0,804343.1,161422.4,113.84
2024-07,92.98245614035088,96.8836016421686,84.8942535181522,95.4714686064973,89.9249190062705,104.15136,54732.0,9518.0,50.29239766081871,94.7,82.4,3.5,3.083,3.5,71822.0,13989.0,810784.8,161957.0,114.13
2024-08,92.98245614035088,97.1999007254736,85.9754641984233,95.7705469244207,90.6536991561349,104.243203526819,47916.0,7609.0,51.461988304093566,95.3,83.8,3.51,2.924,3.5,67550.0,12616.0,820126.3,162651.6,114.54
2024-09,92.39766081871345,97.4226532911614,86.6589054808918,96.0230150199498,91.1785711407303,102.424687729611,39362.0,4951.0,46.783625730994146,95.5,84.1,3.74,2.868,3.5,66776.0,13898.0,827323.4,163205.1,114.65
2024-10,91.81286549707602,97.5027534212464,87.032704638502,96.2504114168141,91.573035111307,100.964364437913,42914.0,4000.0,43.27485380116959,95.4,84.0,4.05,2.911,3.25,65836.0,13948.0,831805.1,163548.4,114.69
2024-11,90.05847953216374,97.5003959020067,87.255166007901,96.3820348385666,91.7613103700053,99.4581190301249,36399.0,3773.0,43.859649122807014,95.0,83.9,4.3,2.858,3.0,65146.0,14494.0,836970.5,163687.3,114.4
2024-12,81.87134502923976,97.389568117333,87.3333035727029,96.4041377924563,91.7847652381664,97.6579720793534,34355.0,3656.0,44.252873563218394,94.5,83.5,4.25,2.59,3.0,70173.0,16997.0,841799.8,163639.9,114.91
2025-01,64.32748538011695,97.2393481656035,87.3462276841334,96.3804311944017,91.7851475518426,96.3629684055841,29784.0,3233.0,44.827586206896555,94.2,83.4,4.27,2.571,3.0,72624.0,19748.0,846188.5,164050.1,115.71
2025-02,53.216374269005854,97.1504377024478,87.5589049968106,96.3763706401796,91.8449375666287,97.7498163115356,39925.0,4743.0,45.40229885057471,94.3,84.2,4.23,2.611,2.75,70061.0,17600.0,852752.8,165292.2,116.08
2025-03,45.02923976608187,97.1535402491968,88.2566424550917,96.4232936891632,92.0586365972717,99.7703894195444,53460.0,9349.0,47.12643678160919,94.7,85.3,4.17,2.59,2.75,68920.0,16528.0,857843.5,165965.2,116.29
2025-04,38.01169590643275,97.0998717616497,88.5504829735611,96.4191046154377,92.1614454148916,98.5942318157083,50693.0,8029.0,47.12643678160919,94.5,85.5,3.98,2.395,2.75,67793.0,15905.0,864071.6,166642.8,116.38
2025-05,33.91812865497076,97.0684778785767,89.0325114875682,96.4247650161221,92.3342196644898,100.009069472157,48783.0,7221.0,45.40229885057471,94.6,86.1,3.87,2.331,2.5,66678.0,15306.0,870220.3,167130.9,116.27
2025-06,32.16374269005848,97.2368880585744,90.3122814704558,96.4643650480045,92.6378462425774,104.525666606204,58892.0,10814.0,45.40229885057471,95.4,88.0,3.93,2.441,2.5,63734.0,13939.0,878107.0,167477.7,116.31
2025-07,30.994152046783626,97.3821226604063,91.2982950889446,96.5183632990642,92.9247519009295,101.18810085253,49940.0,8485.0,45.97701149425287,95.6,89.0,3.96,2.465,2.5,62244.0,13283.0,883773.7,167806.7,116.52
2025-08,29.82456140350877,97.4193586642412,91.7397586159198,96.5735676899878,93.166359434246,100.036277888627,34868.0,4154.0,43.103448275862064,95.5,88.7,3.96,2.427,2.5,66613.0,14631.0,889851.1,168215.6,116.45
2025-09,31.57894736842105,97.5008602677176,92.2761532422324,96.7075491321633,93.5089535607774,102.630146925449,49665.0,6796.0,41.95402298850575,96.0,90.3,3.96,2.464,2.5,66762.0,15351.0,893712.1,168022.5,117.06
2025-10,33.91812865497076,97.8313035392773,93.596299168963,96.9382750235899,94.0031293060991,104.661708688554,56363.0,11041.0,40.229885057471265,96.6,91.8,3.98,2.601,2.5,69069.0,17551.0,897737.4,167675.2,117.42
2025-11,32.16374269005848,98.0998939017571,94.3561828126531,97.2596749863186,94.597914240516,102.992925811718,49139.0,4395.0,42.5287356321839,97.1,93.1,4.17,2.88,2.5,68794.0,16535.0,901394.6,167322.4,117.2
2025-12,31.60919540229885,98.4023359579812,95.1751506822736,97.6335530220343,95.2435398171182,104.099401414838,48978.0,4871.0,46.55172413793103,97.2,93.3,4.23,3.01,2.5,66510.0,15883.0,904996.2,166557.0,117.57
2026-01,30.45977011494253,98.7418210495111,96.1939827018771,97.9936517328938,95.794799903087,106.013060039906,48877.0,5945.0,48.275862068965516,97.8,94.6,4.29,3.044,2.5,66576.0,17881.0,907402.2,166253.5,118.03
2026-02,29.310344827586203,99.0169279269293,96.9053786589313,98.2872800120972,96.1894445333894,104.679847632868,45483.0,5599.0,49.42528735632184,98.4,96.4,4.32,3.167,2.5,66208.0,17829.0,912634.1,166085.0,118.4
2026-03,27.011494252873565,99.175906556307,97.2371348704496,98.6612502190915,96.7264534290602,103.065481588972,56604.0,6433.0,52.87356321839081,98.2,96.2,4.34,3.378,2.5,65283.0,18612.0,915977.6,165698.7,118.8
2026-04,22.413793103448278,99.3559462603254,97.7674523474715,99.0642848056054,97.5242075377944,105.5323780156,53177.0,7521.0,52.87356321839081,98.1,96.2,4.31,3.413,2.5,65179.0,17298.0,921126.3,165076.3,119.37
2026-05,21.839080459770116,99.6034578323056,98.803576164795,99.5137025472502,98.6496462637316,110.239434064937,51585.0,8946.0,54.02298850574713,98.8,97.5,4.32,3.682,2.5,65239.0,18601.0,923614.2,164440.1,119.92
2026-06,21.839080459770116,100.0,100.0,100.0,100.0,112.561218937058,55025.0,7742.0,57.47126436781609,100.0,100.0,4.36,3.794,2.5,67464.0,18770.0,926350.9,163717.6,119.99
2026-07,21.839080459770116,100.435437202208,101.265836456747,100.490147721037,101.283450988121,114.1846545,50129.0,6564.0,57.47126436781609,100.8,101.9,4.48,3.828,2.75,68217.0,19459.0,929846.3,162931.5,119.77
2026-08,21.839080459770116,100.827270989368,102.331049252088,100.936793229335,102.245120372979,114.447669145656,37502.0,4589.0,58.04597701149425,,,4.66,3.788,3.0,69134.0,19136.0,,,120.05
2026-09,,,,,,,,,,,,,3.991,3.0,,,,,120.43
